melancholia	6
nightcore	6
new wave pop	5
indie folk	5
ambient	5
urbano espanol	5
otacore	5
rockabilly	5
polish trap	5
candy pop	5
jazz funk	5
christian indie	5
afro soul	5
kavkaz	5
nordic soundtrack	5
fake	5
acid trance	5
reggaeton	4
europop	4
dream pop	4
lilith	4
bachata	4
comic	4
industrial metal	4
danish pop	4
deep tropical house	4
neo synthpop	4
memphis soul	4
belgian pop	4
oxford indie	4
romanian pop	4
oakland hip hop	4
soul jazz	4
karadeniz turkuleri	4
instrumental soul	4
cyberpunk	4
ectofolk	4
midwest emo	4
post doom metal	4
steampunk	4
chicago blues	4
chamame	4
psychedelic doom	4
lesen	4
israeli hip hop	4
fluxwork	4
oktoberfest	4
tololoche	4
novelty	4
british jazz	4
straight edge	4
folkmusik	4
portuguese rock	4
trinibad	4
piratenmuziek	4
neo rockabilly	4
drone folk	4
griot	4
italian folk metal	4
zikir	4
spanish prog	4
bangladeshi hip hop	4
norwegian prog	4
jazz flute	4
pasodobles	4
japanoise	4
american orchestra	4
modern rock	3
permanent wave	3
melodic rap	3
experimental	3
art pop	3
neo mellow	3
pop urbaine	3
corrido	3
norteno	3
sertanejo pop	3
metal	3
new romantic	3
chill r and b	3
turkish pop	3
new french touch	3
country pop	3
mandopop	3
plugg	3
indiecoustica	3
bubblegum dance	3
downtempo	3
german techno	3
adoracao	3
deep groove house	3
trap soul	3
filter house	3
perreo	3
turkish alt pop	3
classic canadian rock	3
groove metal	3
baroque	3
movie tunes	3
uk metalcore	3
lo fi chill	3
cuarteto	3
world	3
acoustic cover	3
russian drain	3
vocaloid	3
funk bh	3
german indie	3
indonesian singer songwriter	3
electra	3
christian hip hop	3
jawaiian	3
british soundtrack	3
shamanic	3
deathcore	3
hands up	3
swedish indie rock	3
hindi hip hop	3
kentucky roots	3
mollywood	3
bolero mexicano	3
latin metal	3
electro pop francais	3
electronic rock	3
glee club	3
chanson quebecois	3
villancicos	3
bluegrass	3
wonky	3
hungarian pop	3
boston indie	3
drone	3
german trance	3
choral	3
indonesian hip hop	3
early us punk	3
russian metal	3
chiptune	3
nederlandse hardstyle	3
canadian post punk	3
danseband	3
instrumental post rock	3
relaxative	3
swiss hip hop	3
papuri	3
cumbia colombiana regia	3
azeri rap	3
chalga	3
malian blues	3
modern jazz trio	3
balkan brass	3
bangla pop	3
soul flow	3
bristol electronic	3
brazilian hardcore	3
indie emo	3
slovenian electronic	3
dreamgaze	3
carnaval limburg	3
broken beat	3
nwothm	3
neotango	3
jazz vibraphone	3
ambient psychill	3
classic hungarian rock	3
spanish electronic	3
japanese heavy metal	3
danish techno	3
guided meditation	3
virginia punk	3
samurai trap	3
shojo	3
chinese worship	3
nordic contemporary classical	3
japanese vocal jazz	3
punta	3
detski pesnichki	3
surinamese pop	3
neru	3
trot	3
gothic post punk	3
ghanaian gospel	3
euskal indie	3
sambass	3
gospel italiano	3
orthodox chant	3
ny roots	3
experimental psych	3
minneapolis punk	3
crack rock steady	3
spanish jazz	3
contemporary choir	3
cantaditas	3
cybergrind	3
folklore veracruzano	3
musique mariage algerien	3
canadian black metal	3
finnish folk	3
telugu worship	3
heavy psych	3
yoruba worship	3
yu mex	3
rock	2
hip hop	2
classic rock	2
uk pop	2
k pop	2
southern hip hop	2
alternative rock	2
alt z	2
tropical	2
house	2
filmi	2
country rock	2
hip pop	2
indie rock	2
australian pop	2
vapor trap	2
banda	2
pop r and b	2
escape room	2
uk dance	2
alternative dance	2
classical	2
mariachi	2
worship	2
synthpop	2
hollywood	2
polish hip hop	2
opm	2
classic soul	2
eurodance	2
aesthetic rap	2
jazz pop	2
cali rap	2
new rave	2
brazilian hip hop	2
emo	2
dfw rap	2
trance	2
girl group	2
bubblegum pop	2
modern blues rock	2
nigerian pop	2
power metal	2
philly rap	2
rain	2
children s music	2
chillhop	2
pop venezolano	2
latin viral pop	2
skate punk	2
ska punk	2
dutch rap pop	2
glitchcore	2
scorecore	2
pixie	2
anthem worship	2
old school thrash	2
funk paulista	2
latin worship	2
french rock	2
cancion melodica	2
houston rap	2
post disco	2
thrash metal	2
korean r and b	2
dreamo	2
arabesk	2
new age	2
alternative country	2
azontobeats	2
weirdcore	2
sufi	2
tech house	2
float house	2
funk pop	2
indie surf	2
speedrun	2
pagode baiano	2
reggae en espanol	2
post hardcore	2
crunk	2
moombahton	2
indian instrumental	2
noise pop	2
turkish jazz	2
calming instrumental	2
piseiro	2
epicore	2
deep turkish pop	2
pinoy hip hop	2
lo fi rap	2
russian dance	2
anadolu rock	2
progressive bluegrass	2
phonk	2
jazz piano	2
dance punk	2
tollywood	2
euphoric hardstyle	2
arab pop	2
indie punk	2
spanish new wave	2
classic soundtrack	2
cubaton	2
american folk revival	2
tropicalia	2
philly soul	2
boston rock	2
tamil hip hop	2
synthwave	2
greek trap	2
spanish metal	2
banda jalisciense	2
stomp pop	2
czech rock	2
flamenco	2
nz reggae	2
singaporean pop	2
danish rock	2
psychedelic soul	2
vaporwave	2
tex mex	2
hopebeat	2
chutney	2
dansband	2
bronx hip hop	2
seattle indie	2
bhangra	2
black metal	2
binaural	2
healing	2
yodeling	2
shush	2
barnsagor	2
future rock	2
kosovan pop	2
rune folk	2
fotbollslatar	2
tamaulipas rap	2
pop quebecois	2
korean instrumental	2
lo fi emo	2
polish rock	2
italian lounge	2
trap beats	2
celtic metal	2
brazilian bass	2
latin viral rap	2
filthstep	2
acoustic chill	2
bandinhas	2
dansktop	2
atmosphere	2
musica andina	2
sound team	2
k rock	2
khaliji	2
brega romantico	2
chill beats	2
chill out	2
freestyle	2
adoracion	2
neomelodici	2
bakersfield sound	2
latintronica	2
children s choir	2
hurdy gurdy	2
seiyu	2
zouk	2
shred	2
rock catala	2
ambeat	2
hololive	2
popwave	2
gbvfi	2
nordic post rock	2
bhajan	2
rap romantico	2
freakbeat	2
tango	2
kindie rock	2
african gospel	2
kolsche karneval	2
futurepop	2
atlanta bass	2
comptine	2
nerdcore	2
scottish folk	2
hiplife	2
french dub	2
malaysian hip hop	2
outsider	2
432hz	2
galician folk	2
gengetone	2
traditional ska	2
german opera	2
voetbal	2
jersey club	2
schranz	2
hard techno	2
canadian indigenous	2
gqom	2
uk dub	2
japanese beats	2
zimdancehall	2
kuduro	2
deep flow	2
tech trance	2
mgp	2
euroska	2
zydeco	2
experimental club	2
swing revival	2
classic danish rock	2
wisconsin indie	2
guitarra argentina	2
medieval	2
vintage broadway	2
jugendchor	2
klapa	2
deep ambient	2
backing track	2
classical jazz fusion	2
birthday	2
deep freestyle	2
salay	2
traditional funk	2
pop	1
dance pop	1
rap	1
post teen pop	1
latin pop	1
pop dance	1
symphonic rock	1
mellow gold	1
r and b	1
soft rock	1
indie pop	1
alternative metal	1
electro house	1
underground hip hop	1
chicago rap	1
folk rock	1
soul	1
german hip hop	1
d beat	1
country road	1
sertanejo universitario	1
mexican pop	1
modern bollywood	1
latin arena pop	1
brill building pop	1
neo soul	1
colombian pop	1
stomp and holler	1
sierreno	1
motown	1
vocal jazz	1
quiet storm	1
psychedelic rock	1
singer songwriter	1
slap house	1
miami hip hop	1
indietronica	1
indie soul	1
east coast hip hop	1
sad rap	1
funk	1
hoerspiel	1
italian hip hop	1
pop soul	1
rap metal	1
progressive house	1
modern country rock	1
lgbtq  hip hop	1
swedish pop	1
roots rock	1
corridos tumbados	1
sleep	1
metropopolis	1
ccm	1
progressive electro house	1
christian music	1
anime	1
pagode	1
heartland rock	1
italian pop	1
west coast rap	1
rock and roll	1
beatlesque	1
turkish trap pop	1
big room	1
french pop	1
argentine hip hop	1
deep house	1
folk pop	1
rap conscient	1
glam metal	1
garage rock	1
australian dance	1
grupera	1
brostep	1
florida rap	1
australian hip hop	1
russian trap	1
grunge	1
queens hip hop	1
chanson	1
vapor soul	1
dutch hip hop	1
video game music	1
texas country	1
progressive rock	1
screamo	1
nyc rap	1
compositional ambient	1
gruperas inmortales	1
britpop	1
atl trap	1
cumbia pop	1
cumbia villera	1
french indie pop	1
trap brasileiro	1
indie garage rock	1
deep regional mexican	1
taiwan pop	1
dancehall	1
bossa nova	1
dominican pop	1
axe	1
chillwave	1
neo psychedelic	1
classic italian pop	1
instrumental lullaby	1
rap calme	1
spanish hip hop	1
hip house	1
electric blues	1
swedish hip hop	1
christian rock	1
nu jazz	1
rap latina	1
sheffield indie	1
grime	1
brazilian gospel	1
cumbia sonidera	1
dmv rap	1
drift phonk	1
latin christian	1
drill	1
redneck	1
classic bollywood	1
irish rock	1
rap conciencia	1
korean pop	1
madchester	1
afro r and b	1
k rap	1
vocal house	1
scandipop	1
oklahoma country	1
turkish folk	1
cumbia	1
shoegaze	1
schlager	1
meditation	1
bass house	1
uk alternative hip hop	1
jazz fusion	1
future bass	1
russian rock	1
anime score	1
kindermusik	1
german drill	1
classic country pop	1
electro	1
vallenato	1
big beat	1
indie rock italiano	1
complextro	1
shimmer pop	1
indie electropop	1
blues	1
aussietronica	1
deep metalcore	1
czsk hip hop	1
czech hip hop	1
deep underground hip hop	1
uk post punk	1
uk pop punk	1
german house	1
modern blues	1
eurovision	1
hyperpop	1
progressive metal	1
finnish pop	1
neo classical metal	1
operatic pop	1
nyc pop	1
nu cumbia	1
pop rock brasileiro	1
late romantic era	1
ninja	1
soul blues	1
sertanejo tradicional	1
indonesian pop rock	1
japanese chillhop	1
nu disco	1
new jack swing	1
afroswing	1
old school hip hop	1
deep euro house	1
australian psych	1
modern hard rock	1
german hard rock	1
reading	1
london rap	1
nashville sound	1
progressive trance	1
modern salsa	1
canadian electronic	1
trap mexicano	1
smooth jazz	1
uk funky	1
chamber psych	1
indie triste	1
tagalog rap	1
german indie pop	1
west coast trap	1
experimental pop	1
coverchill	1
trova	1
death metal	1
dub	1
chicano rap	1
swedish metal	1
turntablism	1
chill drill	1
trancecore	1
stoner rock	1
albanian hip hop	1
modern dream pop	1
suomi rock	1
salsa colombiana	1
lovers rock	1
indie jazz	1
bases de freestyle	1
rap chileno	1
indie game soundtrack	1
rkt	1
chill pop	1
swedish alternative rock	1
folklore argentino	1
cool jazz	1
dangdut	1
hawaiian hip hop	1
detroit trap	1
japanese soundtrack	1
reggae rock	1
russian drill	1
melodic death metal	1
philly indie	1
tecnobanda	1
korean ost	1
canadian contemporary country	1
k indie	1
italo dance	1
melodic hardcore	1
malaysian pop	1
modern power pop	1
jazz saxophone	1
russian emo rap	1
velha guarda	1
organic house	1
basshall	1
hyphy	1
jazz rap	1
doo wop	1
nwobhm	1
comic metal	1
azonto	1
indian indie	1
cumbia peruana	1
lo fi cover	1
forro de favela	1
rhythm and blues	1
northern soul	1
red dirt	1
manguebeat	1
rai	1
chillstep	1
milan indie	1
swedish indie pop	1
musica infantil	1
classic danish pop	1
levenslied	1
folk punk	1
rap mineiro	1
liedermacher	1
british folk	1
japanese vgm	1
arabic hip hop	1
minneapolis sound	1
middle earth	1
ghanaian pop	1
hardcore techno	1
afrofuturismo brasileiro	1
traditional blues	1
boom bap	1
j acoustic	1
ukrainian pop	1
post rock	1
pop electronico	1
jazz boom bap	1
cumbia santafesina	1
ambient folk	1
colombian hip hop	1
taiwan indie	1
tierra caliente	1
trap funk	1
christian trap	1
aussie drill	1
impressionism	1
lo fi	1
haryanvi pop	1
pakistani pop	1
solo wave	1
sound	1
mexican rock and roll	1
indie quebecois	1
english indie rock	1
wave	1
future funk	1
reggaeton mexicano	1
ecuadorian pop	1
art punk	1
slowcore	1
merengue	1
spanish punk	1
livetronica	1
celtic punk	1
garage rock revival	1
kirtan	1
greek hip hop	1
electronica argentina	1
rock uruguayo	1
australian talent show	1
medieval rock	1
punjabi hip hop	1
swedish pop rap	1
kollywood	1
japanese soul	1
j idol	1
classic indo pop	1
russian electronic	1
australian garage punk	1
uk dnb	1
retro soul	1
nu gaze	1
ottawa rap	1
veracruz indie	1
uptempo hardcore	1
hamburg electronic	1
discofox	1
breakbeat	1
destroy techno	1
danish electronic	1
german singer songwriter	1
virginia hip hop	1
vapor pop	1
harlem hip hop	1
christian metal	1
italian baroque	1
salsa peruana	1
deep disco house	1
turkish deep house	1
rap baiano	1
pakistani hip hop	1
rap tunisien	1
german pop rock	1
israeli mediterranean	1
afrobeat	1
antideutsche	1
traditional country	1
psychedelic trance	1
zhongguo feng	1
smooth saxophone	1
chill guitar	1
uk reggae	1
violao	1
transpop	1
south african alternative	1
trap pesado	1
idol	1
minecraft	1
belgian rock	1
vietnamese hip hop	1
progressive metalcore	1
uk bass	1
morelos indie	1
cumbia sonorense	1
icelandic rock	1
experimental r and b	1
turkish edm	1
folktronica	1
funky tech house	1
scottish new wave	1
folk metal	1
bronx drill	1
canadian soundtrack	1
japanese instrumental	1
soca	1
channel pop	1
argentine alternative rock	1
romanian house	1
chinese r and b	1
dark wave	1
taiwan hip hop	1
rave	1
parody	1
quebec indie	1
bergen indie	1
disney piano	1
indie catala	1
french shoegaze	1
pop chileno	1
ghibli	1
rap catala	1
manchester hip hop	1
manele	1
funky house	1
mexican classic rock	1
ska revival	1
swedish country	1
study beats	1
funk 150 bpm	1
greek drill	1
mexican pop punk	1
mariachi cristiano	1
christian metalcore	1
romanian trap	1
punk urbano	1
piano blues	1
kayokyoku	1
lithuanian edm	1
tropical alternativo	1
trap catala	1
abstract hip hop	1
lds youth	1
barnemusikk	1
electro jazz	1
amapiano	1
indie rock mexicano	1
ukrainian classical	1
german metalcore	1
musique pour enfants	1
brazilian punk	1
doom metal	1
turkish instrumental	1
classic belgian pop	1
classic arab pop	1
gabba	1
romantico	1
welsh metal	1
experimental rock	1
texas latin rap	1
souldies	1
afro house	1
oc rap	1
gothenburg metal	1
dark post punk	1
dark techno	1
louvor	1
belarusian indie	1
italian tenor	1
riot grrrl	1
malaysian indie	1
australian singer songwriter	1
monterrey indie	1
nightrun	1
theme	1
texas metal	1
modern ska punk	1
ukrainian rock	1
melodic techno	1
chinderlieder	1
croatian pop	1
slovak hip hop	1
frenchcore	1
tribal house	1
classic thai pop	1
indian lo fi	1
rap lyonnais	1
argentine punk	1
digital hardcore	1
swancore	1
laboratorio	1
lo fi house	1
mexican edm	1
mathcore	1
country blues	1
japanese new wave	1
vbs	1
irish country	1
orgcore	1
cancion infantil mexicana	1
new jersey hardcore	1
denpa kei	1
uzbek pop	1
high tech minimal	1
hawaiian	1
rock baiano	1
cologne hip hop	1
circuit	1
rap boricua	1
rap antillais	1
boston folk	1
finnish heavy metal	1
russian indie rock	1
tagalog worship	1
diy emo	1
contemporary classical	1
australian indigenous	1
indonesian city pop	1
swedish eurodance	1
surf music	1
german oi	1
progressive jazz fusion	1
korean city pop	1
icelandic experimental	1
chinese hip hop	1
synthesizer	1
progressive uplifting trance	1
experimental ambient	1
roda de samba	1
arab electronic	1
hardcore	1
polish indie	1
noel quebecois	1
cumbia lagunera	1
norwegian country	1
punk rock mexicano	1
french metal	1
chicago house	1
nasheed	1
outsider house	1
musica para criancas	1
cumbia salvadorena	1
scottish indie rock	1
belarusian pop	1
jazz quartet	1
orchestra	1
new jersey punk	1
birmingham hip hop	1
acoustic guitar cover	1
nepali pop	1
pirate	1
salsa choke	1
french psychedelic	1
musica llanera	1
brazilian boogie	1
thai idol	1
classic j rock	1
shonen	1
musica canaria	1
acid house	1
military rap	1
lithuanian pop	1
avant garde jazz	1
futuristic swag	1
suomirap	1
classic persian pop	1
dangdut remix	1
forro tradicional	1
eurobeat	1
baglama	1
schweizer rap	1
symphonic black metal	1
collage pop	1
british choir	1
christmas product	1
jazz rock	1
vintage schlager	1
neo traditional bluegrass	1
timba	1
math rock	1
chanson paillarde	1
indian classical	1
balkan trap	1
chopped and screwed	1
ballroom	1
tempe indie	1
psychobilly	1
dabke	1
grungegaze	1
mod revival	1
kleinkunst	1
deep rai	1
memphis blues	1
korean indie rock	1
bozlak	1
ai	1
rap regio	1
modern uplift	1
thai folk pop	1
instrumental acoustic guitar	1
post post hardcore	1
italian metal	1
voidgaze	1
egyptian alternative	1
arkansas hip hop	1
queercore	1
indian fusion	1
ska jazz	1
brass band	1
classic k pop	1
native american contemporary	1
uk worship	1
finnish trap	1
bornesange	1
cincinnati rap	1
australian americana	1
exotica	1
glasgow indie	1
motivation	1
thrash core	1
musica gaucha	1
progressive trance house	1
rap maromba	1
porro	1
calypso	1
christian hardcore	1
vienna indie	1
merengue tipico	1
melodic hard rock	1
proto techno	1
blackgaze	1
nuevo folklore argentino	1
tone	1
classic icelandic pop	1
afghan rap	1
turkish metal	1
malayalam pop	1
brazilian punk rock	1
kodomo no ongaku	1
classic bhangra	1
beats	1
nz electronic	1
musica criolla	1
swedish punk	1
batak	1
rock keyboard	1
nz indie	1
deep comedy	1
rosary	1
canadian house	1
hungarian folk	1
neue volksmusik	1
vintage jazz	1
beach house	1
hammond organ	1
balearic	1
jumpstyle	1
svensk progg	1
opera	1
kompa	1
rumba congolaise	1
spacewave	1
mgpjr	1
philly drill	1
love live	1
mestissatge	1
garage house	1
highlife	1
russian pop punk	1
deathgrind	1
jazz organ	1
metal guitar	1
ecuadorian indie	1
kundiman	1
synth punk	1
21st century classical	1
deathgrass	1
german jazz	1
polish electronica	1
kompa gouyad	1
indonesian blues	1
indie cordoba	1
zouglou	1
deep disco	1
pokemon	1
deep christian rock	1
charanga	1
glitch pop	1
musica istmena	1
ostrock	1
kurdish folk	1
crust punk	1
japanese guitar	1
heavy alternative	1
sandalwood	1
waiata maori	1
vintage hollywood	1
pakistani folk	1
hardtekk	1
japanese celtic	1
atlanta punk	1
paraguayan rock	1
spanish folk rock	1
tunisian pop	1
experimental house	1
oxford choir	1
christian hard rock	1
post black metal	1
kaneka	1
punk chileno	1
korean trap	1
nz folk	1
48g	1
pinoy praise	1
funana	1
ambient idm	1
trival	1
greek metal	1
salsa urbana	1
comedia	1
connecticut indie	1
australian ska	1
psalmen	1
swiss trap	1
twoubadou	1
turkish electronic	1
persian electronic	1
detske pisnicky	1
deep idm	1
finnish classical	1
classic romanian pop	1
russian trap metal	1
deep soul house	1
alberta hip hop	1
deep liquid	1
memphis americana	1
melodipop	1
blaskapelle	1
marimba orquesta	1
sound art	1
classic italian folk pop	1
indie valenciana	1
chinese audiophile	1
technical thrash	1
college a cappella	1
polish death metal	1
harp	1
afro funk	1
breakcore	1
abstract	1
greek house	1
mantra	1
spanish indie folk	1
musica catarinense	1
polish blues	1
experimental jazz	1
moog	1
japanese dream pop	1
goregrind	1
classic anime	1
palestinian pop	1
library music	1
tape club	1
japanese ska	1
american choir	1
rockabilly en espanol	1
chakra	1
funk capixaba	1
kermis	1
spanish invasion	1
er ge	1
deep progressive rock	1
histoire pour enfants	1
dirty texas rap	1
japanese blues	1
world chill	1
baltic classical	1
rock of gibraltar	1
russian techno	1
math pop	1
dubsteppe	1
russian shoegaze	1
black  n  roll	1
oaxaca indie	1
speedcore	1
alpine yodeling	1
canterbury scene	1
kannada hip hop	1
irish dance	1
chant religieux	1
mandible	1
armenian folk	1
folklore uruguayo	1
oud	1
disney italiano	1
sega	1
football	1
ilahiler	1
musica hondurena	1
norwegian space disco	1
swedish techno	1
dark hardcore	1
slushwave	1
classic punjabi pop	1
footwork	1
psydub	1
elektropunk	1
plunderphonics	1
haitian gospel	1
punk catala	1
deep ragga	1
ottawa indie	1
beatdown	1
hard house	1
jewish hip hop	1
vogue	1
jazz violin	1
japanese edm	1
slam death metal	1
lezginka	1
finnish pop punk	1
indie folk argentino	1
hungarian underground rap	1
texas punk	1
electro bailando	1
funky breaks	1
japanese house	1
atmospheric sludge	1
bahamian pop	1
stl indie	1
milwaukee hip hop	1
nordnorsk rap	1
panpipe	1
purple sound	1
orquestas de galicia	1
indie veneto	1
reiki	1
neurostep	1
swedish choir	1
muzica etno	1
experimental techno	1
malaysian punk	1
nitzhonot	1
chinese soundtrack	1
wassoulou	1
english renaissance	1
irish rebel song	1
british experimental	1
ambient black metal	1
belarusian punk	1
macedonian folk	1
swedish prog	1
skramz	1
barbershop	1
neo pagan	1
sitar	1
french post punk	1
sefardi	1
grunge pop	1
ghettotech	1
string band	1
goralski	1
early american folk	1
black death	1
lo star	1
bagpipe	1
sesame street	1
hungarian indie	1
iowa hip hop	1
deep happy hardcore	1
cueca chilena	1
8 bit	1
koligeet	1
guitarra clasica	1
forest psy	1
modern big band	1
bahai	1
telugu devotional	1
contemporary folk	1
atmospheric doom	1
disney svenska	1
cornwall indie	1
khayal	1
pahadi pop	1
garhwali pop	1
austin rock	1
finlandssvenska musik	1
vinahouse	1
brazilian tech house	1
second line	1
gundam	1
canadian death metal	1
breton folk	1
japanese traditional	1
punk galego	1
icelandic post punk	1
korean soundtrack	1
fan chant	1
navajo	1
swiss alternative rock	1
finnish idol pop	1
xhosa	1
experimental synth	1
trio batak	1
irish classical	1
rwandan pop	1
austrian black metal	1
mbira	1
musica mapuche	1
circus	1
experimental indie rock	1
traditional bluegrass	1
macedonian hip hop	1
finnish electro	1
birdsong	1
russian post rock	1
surinamese hip hop	1
mexican tech house	1
massage	1
epic doom	1
brass quintet	1
latvian indie	1
reggae tico	1
palestinian traditional	1
vapor house	1
swiss worship	1
finnish worship	1
chinese new year	1
go go	1
tribute	1
breaks	1
austrian orchestra	1
indonesian emo rap	1
russian power metal	1
klezmer	1
japanese melodic punk	1
contrabass	1
disney dansk	1
a3	1
rock gotico	1
erotica	1
norwegian choir	1
darbuka	1
liechtenstein	1
deep progressive trance	1
dutch black metal	1
ukhc	1
rock paraibano	1
deep discofox	1
bouyon	1
ukrainian folk	1
danish punk	1
zcc	1
bornehistorier	1
electronicore	1
italian pop punk	1
spanish indie rock	1
drone ambient	1
erhu	1
danish choir	1
dutch experimental electronic	1
spanish progressive rock	1
anthem	1
university choir	1
haitian dance	1
swedish classical	1
polka	1
mexican death metal	1
fado de coimbra	1
aikatsu	1
finnish blues	1
actors	1
classical organ	1
scottish indie folk	1
lute	1
scottish fiddle	1
nisiotika	1
old time fiddle	1
free folk	1
khmer	1
australian techno	1
nohay	1
mexican classical	1
prank	1
steelpan	1
spanish experimental	1
idol game	1
barrelhouse piano	1
irish trap	1
portuguese jazz	1
jazz guitar trio	1
covertrance	1
paracana	1
boeremusiek	1
chant basque	1
french rock and roll	1
cameroonian hip hop	1
qanun	1
balinese traditional	1
rez country	1
